user,mean,max,count,suspicious_emails,suspicious_percentage
SAH0599,0.973065861803914,0.973065861803914,1,1,100.0
JKM0303,0.9710884950404949,0.9710884950404949,1,1,100.0
FWM0707,0.9709179025967231,0.9709179025967231,1,1,100.0
IJM0139,0.970904566671544,0.970904566671544,1,1,100.0
EGD0132,0.9704966585430072,0.9704966585430072,1,1,100.0
AMH0464,0.9691735097183176,0.9691735097183176,1,1,100.0
HSP0290,0.9668997498716132,0.9668997498716132,1,1,100.0
CLS0296,0.9658304101805574,0.9658304101805574,1,1,100.0
JRF0835,0.963586881678591,0.963586881678591,1,1,100.0
FRR0832,0.9626796765267946,0.9626796765267946,1,1,100.0
EDB0714,0.9622024873030733,0.9622024873030733,1,1,100.0
AAV0450,0.9618260999773196,0.9618260999773196,1,1,100.0
LDM0587,0.9589798795012576,0.9589798795012576,1,1,100.0
ICS0956,0.9581423452170913,0.9581423452170913,1,1,100.0
AAN0823,0.9577541515294281,0.9577541515294281,1,1,100.0
CJM0138,0.957349637519857,0.957349637519857,1,1,100.0
HSD0457,0.956937257498889,0.956937257498889,1,1,100.0
PSF0133,0.956933441608238,0.956933441608238,1,1,100.0
MSG0839,0.9562563025464005,0.9562563025464005,1,1,100.0
CJH0702,0.9562198581934601,0.9562198581934601,1,1,100.0
DSM0591,0.9553994353419042,0.9553994353419042,1,1,100.0
GCG0951,0.954053839155393,0.954053839155393,1,1,100.0
KQC0708,0.9537748960102193,0.9537748960102193,1,1,100.0
MLL0598,0.9524087227657461,0.9524087227657461,1,1,100.0
XLB0710,0.9522358746738787,0.9522358746738787,1,1,100.0
GCS0571,0.9518474189197096,0.9518474189197096,1,1,100.0
NLO0131,0.951842597933652,0.951842597933652,1,1,100.0
CKP0721,0.9515914216212341,0.9515914216212341,1,1,100.0
HDJ0446,0.9510911081590937,0.9510911081590937,1,1,100.0
NJC0705,0.9499209302782206,0.9499209302782206,1,1,100.0
ZFM0468,0.9490468408728,0.9490468408728,1,1,100.0
TJG0582,0.9487141899860699,0.9487141899860699,1,1,100.0
CMS0454,0.9486003497253749,0.9486003497253749,1,1,100.0
MDH0580,0.9478372943116185,0.9478372943116185,1,1,100.0
SJW0451,0.9473466928640556,0.9473466928640556,1,1,100.0
TAC0300,0.9470385214050648,0.9470385214050648,1,1,100.0
AHD0848,0.9468028729208595,0.9468028729208595,1,1,100.0
TIW0299,0.9457652405665208,0.9457652405665208,1,1,100.0
MBR0724,0.9451846998652162,0.9451846998652162,1,1,100.0
KSP0966,0.9451762992464684,0.9451762992464684,1,1,100.0
FEB0306,0.9446711585686327,0.9446711585686327,1,1,100.0
GHL0460,0.9433984163655988,0.9433984163655988,1,1,100.0
MAR0955,0.9431793799855587,0.9431793799855587,1,1,100.0
AES0827,0.9429533368644322,0.9429533368644322,1,1,100.0
HGH0595,0.9426722326586146,0.9426722326586146,1,1,100.0
RAB0589,0.9418885217735987,0.9418885217735987,1,1,100.0
PDH0716,0.9417581999150901,0.9417581999150901,1,1,100.0
ECR0822,0.94110679550475,0.94110679550475,1,1,100.0
HPR0585,0.9403832205734003,0.9403832205734003,1,1,100.0
BCR0581,0.9383063400471967,0.9383063400471967,1,1,100.0
ILC0838,0.9365329467791971,0.9365329467791971,1,1,100.0
PMV0850,0.9358428000842461,0.9358428000842461,1,1,100.0
CCM0136,0.9340899032267995,0.9340899032267995,1,1,100.0
ESH0135,0.9335686489901112,0.9335686489901112,1,1,100.0
CCM0467,0.9327973371575855,0.9327973371575855,1,1,100.0
MJB0588,0.9314067599020016,0.9314067599020016,1,1,100.0
ASM0575,0.9295100948546868,0.9295100948546868,1,1,100.0
BJP0134,0.9291577108874869,0.9291577108874869,1,1,100.0
LJB0826,0.9289508199351397,0.9289508199351397,1,1,100.0
ABM0845,0.9285382945653825,0.9285382945653825,1,1,100.0
ICH0294,0.927653468330771,0.927653468330771,1,1,100.0
KLH0596,0.9268705650825113,0.9268705650825113,1,1,100.0
NRF0137,0.9247337911229093,0.9247337911229093,1,1,100.0
FHS0837,0.9245404828026603,0.9245404828026603,1,1,100.0
GNZ0953,0.924281839149715,0.924281839149715,1,1,100.0
EHB0824,0.9240474369458834,0.9240474369458834,1,1,100.0
HMW0713,0.9228303022799572,0.9228303022799572,1,1,100.0
KJJ0293,0.9211489576133277,0.9211489576133277,1,1,100.0
YJF0532,0.9203512767825779,0.9529348285761107,3,3,100.0
JKF0465,0.9189884678771243,0.9230822512078132,2,2,100.0
CSL0949,0.9180305582276218,0.9180305582276218,1,1,100.0
NIH0969,0.9178231876025414,0.9178231876025414,1,1,100.0
UAD0771,0.9166675032236228,0.9323878644372086,3,3,100.0
ELH0960,0.9159498282626899,0.9159498282626899,1,1,100.0
SKG0759,0.914763807328864,0.934893591249713,3,3,100.0
ELB0847,0.9147080868833541,0.9147080868833541,1,1,100.0
SGB0140,0.9137535931270182,0.9137535931270182,1,1,100.0
HKF0831,0.9128358267061878,0.9128358267061878,1,1,100.0
LPH0572,0.9060230803832029,0.9060230803832029,1,1,100.0
JJB0700,0.905536004276752,0.905536004276752,1,1,100.0
IHK0841,0.9050911341375637,0.9050911341375637,1,1,100.0
CYA0506,0.9047400362686259,0.9475423796241822,3,3,100.0
ERH0449,0.9044021883402916,0.9044021883402916,1,1,100.0
BHW0458,0.9040791852923777,0.9040791852923777,1,1,100.0
GJD0298,0.9035791655489102,0.9035791655489102,1,1,100.0
AMJ0297,0.9016830780239858,0.9016830780239858,1,1,100.0
CRP0456,0.9012798159509985,0.9012798159509985,1,1,100.0
MIM0712,0.9005069214093551,0.9005069214093551,1,1,100.0
NCK0295,0.900506319494994,0.900506319494994,1,1,100.0
SAC0592,0.8995421014139869,0.9250519646544982,2,2,100.0
BTL0722,0.8984693668925493,0.8984693668925493,1,1,100.0
AJL0462,0.8970571264453905,0.8970571264453905,1,1,100.0
LUR0896,0.8959641861132414,0.9229834939157929,3,3,100.0
JRL0574,0.8949748572240804,0.8949748572240804,1,1,100.0
MCF0600,0.8948859828721318,0.9408309239563616,2,2,100.0
DCH0843,0.8943493779645375,0.8943493779645375,1,1,100.0
BAJ0654,0.8916842585322159,0.9465189054247548,3,3,100.0
AAL0706,0.8914801157793414,0.8914801157793414,1,1,100.0
AKH0758,0.8914343933215724,0.939296450202135,3,3,100.0
NMB0972,0.8907690711320214,0.8907690711320214,1,1,100.0
JDF0593,0.8907131740300694,0.8907131740300694,1,1,100.0
BNR0965,0.8896496931371193,0.8896496931371193,1,1,100.0
JML0909,0.88726482921737,0.9251153138459665,3,3,100.0
FPC0954,0.8840923339348167,0.8840923339348167,1,1,100.0
KPP0452,0.8837954375667267,0.8837954375667267,1,1,100.0
WGR0833,0.8834210767946874,0.8834210767946874,1,1,100.0
BSS0463,0.8828853183654717,0.8828853183654717,1,1,100.0
RAR0725,0.8821942318563133,0.8821942318563133,1,1,100.0
DDM0579,0.8818406093880194,0.8818406093880194,1,1,100.0
LHB0967,0.881363223755179,0.881363223755179,1,1,100.0
BDB0453,0.8807332995716658,0.8807332995716658,1,1,100.0
CHM0821,0.8805528496709448,0.8805528496709448,1,1,100.0
EHD0584,0.8802433380529624,0.8802433380529624,1,1,100.0
CCH0182,0.8789135238133209,0.9120678945254174,3,3,100.0
SSS0345,0.8789096599395297,0.9182435533416731,3,3,100.0
CFG0959,0.8784134588401309,0.8784134588401309,1,1,100.0
GDF0704,0.8763220240906497,0.8763220240906497,1,1,100.0
MCT0720,0.8741352963696594,0.8741352963696594,1,1,100.0
IJR0825,0.8724171043306569,0.8724171043306569,1,1,100.0
JHP0583,0.8717421142169175,0.8884939255644533,2,2,100.0
IMP0530,0.8716744087389482,0.8919526054138365,3,3,100.0
LDG0459,0.8711493840965103,0.8711493840965103,1,1,100.0
GHH0288,0.8693284110759799,0.8693284110759799,1,1,100.0
TJB0302,0.8687330268656404,0.8687330268656404,1,1,100.0
AIB0948,0.8657007615329146,0.8657007615329146,1,1,100.0
CAN0842,0.8641477134897366,0.8641477134897366,1,1,100.0
ADD0846,0.8629199308232098,0.8629199308232098,1,1,100.0
TNM0961,0.8618589161213983,0.8618589161213983,1,1,100.0
MTT0901,0.8609949008138523,0.9205349983192838,3,3,100.0
SED0886,0.8582354196091581,0.9061857968057255,3,3,100.0
AGB0186,0.8582117348255216,0.8742599795792438,3,3,100.0
SHR0334,0.8567874179516876,0.8808481712859788,3,3,100.0
GZB0469,0.855056867422089,0.855056867422089,1,1,100.0
CAC0889,0.853843405913335,0.8944562784146584,3,3,100.0
WGS0516,0.8531002774918731,0.8878305097002738,3,3,100.0
EAH0466,0.8527636016873277,0.8527636016873277,1,1,100.0
NUL0471,0.852684158720904,0.852684158720904,1,1,100.0
ILH0958,0.8500135711524398,0.8500135711524398,1,1,100.0
IBS0836,0.8470064232827557,0.8470064232827557,1,1,100.0
PNL0301,0.8452846753397446,0.8452846753397446,1,1,100.0
ECF0828,0.8426793955634725,0.8426793955634725,1,1,100.0
APG0307,0.8415059178066471,0.8415059178066471,1,1,100.0
MVF0594,0.8383878608229005,0.8383878608229005,1,1,100.0
CNB0900,0.8367150567327556,0.8558857618358087,3,3,100.0
CGF0337,0.8353446481360418,0.8547105823228901,3,3,100.0
ABH0663,0.8351262453863089,0.882025408017724,3,3,100.0
CGB0637,0.8350856693245484,0.8350856693245484,1,1,100.0
FXF0957,0.8312035979256518,0.8312035979256518,1,1,100.0
SXM0895,0.8306926544321938,0.9013092538333697,3,3,100.0
TBT0461,0.8297494121414047,0.904003150479986,2,2,100.0
MKG0711,0.8293364173233164,0.8293364173233164,1,1,100.0
OSH0655,0.8276759522818198,0.8802103302408103,3,3,100.0
JZD0888,0.8271131233797635,0.8500188014809464,3,3,100.0
ZSL0305,0.8255339805288113,0.8255339805288113,1,1,100.0
MVB0515,0.8242051765240839,0.8731269669290398,3,3,100.0
AOK0844,0.8240293110566218,0.8385655120542627,3,3,100.0
IBB0696,0.8232828742798661,0.8412960634660904,2,2,100.0
KMS0657,0.8232704559369766,0.8710291685573547,3,3,100.0
SAB0781,0.8220043625422783,0.8453487640088098,3,3,100.0
ASD0577,0.8217166332871692,0.8217166332871692,1,1,100.0
SOB0586,0.8187734066628128,0.8187734066628128,1,1,100.0
AJC0840,0.817790644704371,0.817790644704371,1,1,100.0
AWM0764,0.8168207060443627,0.848283063374701,3,3,100.0
NMG0766,0.81584458299969,0.8332646880860368,3,3,100.0
GTD0898,0.8132407158228737,0.8832102632773247,3,3,100.0
HTF0641,0.8125047510011721,0.8265277042127037,3,3,100.0
RAM0447,0.8116963786686087,0.8999866948241392,2,2,100.0
BCM0653,0.8100770960131126,0.8283490315269719,3,3,100.0
WJD0576,0.8095840590238014,0.8095840590238014,1,1,100.0
SHW0578,0.8086230242323748,0.8086230242323748,1,1,100.0
FRL0511,0.8073710006125197,0.8455165551740158,3,3,100.0
ESA0642,0.8062226217070929,0.8208814744736178,3,3,100.0
YJV0699,0.8053803052122052,0.8053803052122052,1,1,100.0
ZCF0590,0.805234804177098,0.805234804177098,1,1,100.0
FMG0527,0.8045487859295429,0.8408788927816392,3,3,100.0
RLB0719,0.8038597406783526,0.8038597406783526,1,1,100.0
AKF0709,0.8035067350596523,0.8035067350596523,1,1,100.0
HXL0968,0.7996146916158373,0.7996146916158373,1,1,100.0
EZT0640,0.7989498012473302,0.8462327220284113,3,3,100.0
PMJ0564,0.7986433856623552,0.8683698660666489,2,2,100.0
NMF0780,0.7979053654760854,0.823611388786142,2,2,100.0
RYB0718,0.7951541135296987,0.9086816399631362,2,2,100.0
JCR0770,0.7918647884591007,0.8415994553908531,3,3,100.0
TLH0648,0.7899437405473322,0.873020822047521,2,2,100.0
EFS0882,0.78800542654101,0.8185565778894944,3,3,100.0
BVN0514,0.787622302507368,0.848637942480849,3,3,100.0
RNF0765,0.7860264783215308,0.9084936656753202,3,3,100.0
IJM0776,0.7845538636065889,0.8136208469767843,3,3,100.0
JRH0455,0.784553685870908,0.784553685870908,1,1,100.0
WDV0573,0.7840256969685049,0.7840256969685049,1,1,100.0
KJM0887,0.7833617531800465,0.8472758532826716,3,3,100.0
CMW0783,0.7828860380745114,0.820785421784358,3,3,100.0
ARB0834,0.7823596512342275,0.7823596512342275,1,1,100.0
KDT0346,0.7820846248188146,0.8217152531809717,2,2,100.0
AKK0329,0.7820790391988265,0.867197560314103,3,3,100.0
JJH0292,0.7782729175030865,0.8315397277962377,2,2,100.0
DKB0631,0.7772203250877937,0.8612586481779452,3,3,100.0
NAB0903,0.7767026314999338,0.7767026314999338,1,1,100.0
PTH0830,0.7752601008347151,0.8028655108158893,2,2,100.0
ZSB0649,0.77417642487965,0.8007642886029456,3,3,100.0
XRS0633,0.773824680490849,0.8248942053300701,3,3,100.0
NSC0597,0.7731711219779552,0.7731711219779552,1,1,100.0
QSV0778,0.7709614229474965,0.8132265922498074,3,3,100.0
ZKS0899,0.7700536787236628,0.7740972705066601,3,3,100.0
CJG0470,0.7685702359453007,0.7798503078683752,2,2,100.0
HKI0171,0.7672572406033522,0.8167976999602385,4,4,100.0
OMM0944,0.7672165773114897,0.8975842573800447,2,2,100.0
DID0650,0.7671606821019377,0.8734733251721313,3,3,100.0
SBN0971,0.7670222646909823,0.7962860576735603,2,2,100.0
BMT0528,0.7665855963699303,0.7828117242005622,3,3,100.0
PIS0522,0.7657761635776431,0.822062613980643,3,3,100.0
RHC0335,0.7645379939930287,0.8221237329773357,3,3,100.0
CLB0774,0.7638624128097184,0.8640236475878933,3,3,100.0
ILJ0526,0.7637002610738298,0.7852660958981272,3,3,100.0
RCP0785,0.7631816354958435,0.8279026053172227,3,3,100.0
KJG0910,0.7629371641701735,0.8501445811645924,3,3,100.0
THD0448,0.7617252426181453,0.7751299854783983,2,2,100.0
ARB0881,0.7601823516807364,0.779748573866415,3,3,100.0
BJM0111,0.759953382520175,0.7948654692263137,3,3,100.0
PMC0328,0.7593529841503083,0.8253906793469334,3,3,100.0
IBP0883,0.7568825942793943,0.7985042024570645,3,3,100.0
OHC0973,0.7552762359171408,0.829195471549683,2,2,100.0
ORB0473,0.7516450019890188,0.7535456811716472,2,2,100.0
LQP0508,0.7507881529028461,0.8020017340398978,3,3,100.0
HRD0635,0.7487080728898391,0.8484327624241979,4,4,100.0
MFV0897,0.7472370878575388,0.7878551969350105,3,3,100.0
VLB0647,0.7465868321874692,0.8059124960550161,3,3,100.0
RIH0777,0.7460664572416129,0.7719435257049371,3,3,100.0
MIB0904,0.7434259083099827,0.8216602829445011,3,3,100.0
AJP0723,0.7427595579173765,0.826842594888311,2,2,100.0
WPE0538,0.7415585022399608,0.814468133357846,3,3,100.0
JSA0775,0.7413305062675186,0.7753116891850382,3,3,100.0
MOP0763,0.7405233984451786,0.7877566196585728,3,3,100.0
ALC0788,0.7400064619449033,0.7959578811433733,3,3,100.0
JAJ0849,0.7394782304305192,0.783449812694543,3,3,100.0
TPH0474,0.7384733155851042,0.7586032364158588,2,2,100.0
SMH0291,0.7364006978273903,0.8573096447512505,3,3,100.0
HFB0347,0.7344243892885379,0.7656179514182759,3,3,100.0
CLD0894,0.7335027592033355,0.8650281816290902,3,3,100.0
UCH0519,0.7334126728876754,0.7913544407713883,3,3,100.0
CTR0697,0.7321844697684314,0.7836546228529676,2,2,100.0
LJR0523,0.7318494368567926,0.8028484920455119,3,3,100.0
CXC0336,0.7317992695671967,0.7725214718211388,3,3,100.0
IAT0263,0.7308467166416954,0.7963838860916335,3,3,100.0
AAF0535,0.7276706298697002,0.7997374082177323,3,3,100.0
DIB0285,0.7239317239552945,0.8141186223914804,4,3,75.0
WNB0908,0.7224606020093421,0.7734242015742617,3,3,100.0
BAK0964,0.717640985289057,0.717640985289057,1,1,100.0
KLM0639,0.7162288966967217,0.7386330618332994,3,3,100.0
NHH0185,0.7144390906430187,0.715601319167207,2,2,100.0
DFH0188,0.714048120564454,0.8301404267977697,3,3,100.0
EMB0531,0.7133900869027254,0.7369365719973392,3,3,100.0
GCS0518,0.7128689524188349,0.7744749334217431,3,3,100.0
CJP0952,0.7123727858822061,0.7123727858822061,1,1,100.0
IIL0513,0.7120327691122775,0.8297868995969434,6,5,83.33
AAM0658,0.7093728343453103,0.8284757569212091,3,3,100.0
HVF0067,0.7093606129060583,0.8475167931312135,5,4,80.0
WRM0963,0.7028611306922788,0.7787361523324399,2,2,100.0
HWH0646,0.701845154452276,0.8773822616806234,3,3,100.0
YWW0660,0.6983411115470597,0.8096551530893394,3,3,100.0
TUC0632,0.6970499739110981,0.7690483562014073,3,3,100.0
CFM0767,0.6969245373033077,0.8260490617498186,3,3,100.0
SBQ0786,0.6968916613381898,0.7765895587717796,3,3,100.0
IUB0565,0.6956347375664502,0.8222625111579188,4,4,100.0
MLG0475,0.6956218383173504,0.9172168563768766,2,1,50.0
POB0343,0.6918010158501232,0.7530560377190693,4,4,100.0
LHN0151,0.6917572836414888,0.7745384295213357,5,5,100.0
MAE0331,0.6911806119645715,0.7937685694353219,3,3,100.0
LJJ0905,0.6909402459727012,0.8177337180111753,3,3,100.0
CQW0652,0.6903340127452054,0.8526910066154397,3,2,66.67
GCC0945,0.6889067033041808,0.8076486734374639,2,2,100.0
MNC0717,0.6868271800950239,0.7450938078229481,2,2,100.0
BAM0636,0.6845796900984201,0.7349902298588233,3,3,100.0
MDM0625,0.6843185704390171,0.8475630383701283,4,3,75.0
MJS0890,0.6791945423365799,0.7833784436312972,3,3,100.0
SCP0130,0.6786136989067715,0.7653455506737015,3,3,100.0
PLH0715,0.6785543841233173,0.6813332306551177,2,2,100.0
JMW0638,0.6779325997869418,0.8169498774042744,3,3,100.0
HAH0760,0.6762031023212397,0.7303682566434333,3,3,100.0
FFC0891,0.6731084320110222,0.735837081666075,3,3,100.0
ASV0946,0.6723278330681208,0.7701903621717378,2,2,100.0
HAV0121,0.6693191710801152,0.7856518844681122,8,8,100.0
EGK0893,0.666973455809508,0.6956777788341042,3,3,100.0
NRO0768,0.6664279532880696,0.6764542717489509,3,3,100.0
TYB0779,0.6663554903372337,0.8248257877379365,3,3,100.0
LNR0656,0.6661197262928357,0.7855248561625658,3,3,100.0
XHG0902,0.6582768126504086,0.7456874154002199,3,3,100.0
NMS0280,0.6566137497937587,0.8249415013758535,5,5,100.0
TDG0962,0.6545037626516034,0.746969978567206,2,2,100.0
UBF0645,0.6503515707920071,0.7286221961502793,3,3,100.0
HCL0651,0.6500104623417445,0.6797555016942859,3,3,100.0
CCW0524,0.6490596846748957,0.7394804161228146,3,3,100.0
JFC0757,0.6484099019565843,0.726679393979872,2,2,100.0
ORG0339,0.6464688322841755,0.6967336416864528,3,3,100.0
DIB0081,0.644075087414406,0.7805341822860248,8,8,100.0
ALD0529,0.6381554484636602,0.8329163729451592,3,3,100.0
AHG0634,0.6267339707774755,0.7210009113259683,3,3,100.0
BMM0112,0.6250491312316103,0.6769373175365794,3,3,100.0
DEB0782,0.6229933812780463,0.7114724365805373,3,2,66.67
LRW0970,0.6180091736883069,0.6392975376246183,2,2,100.0
TSG0906,0.6129911488764166,0.8686612498564638,3,2,66.67
CSJ0340,0.6099250419068142,0.6766201973812374,4,4,100.0
HCC0344,0.6063373465508336,0.7445486809077605,4,3,75.0
GQF0659,0.5994399006282037,0.7539843278647069,3,2,66.67
ASS0517,0.5975015534569474,0.8007432147401574,3,2,66.67
JMD0520,0.5974448432194048,0.6754037500012123,3,2,66.67
CJV0286,0.5667218416886624,0.7629358833652563,3,1,33.33
QCH0110,0.5562832417559885,0.7381444462928887,4,3,75.0
NAB0801,0.533878659230641,0.7235773449080743,8,4,50.0
SCB0534,0.533005900698465,0.6091208429696328,3,2,66.67
AAW0353,0.5234606096069697,0.6280768481895379,4,2,50.0
AGB0643,0.519427846683515,0.589183619802277,3,2,66.67
PGH0184,0.5137475031535448,0.7089296438755863,6,3,50.0
VEB0935,0.5089505510786042,0.6280558012519853,6,4,66.67
TAP0551,0.5086084167338331,0.5923149131495659,8,5,62.5
SNC0187,0.5053322765135172,0.7707281332414075,3,1,33.33
SBD0913,0.5018614566924088,0.7347694441697021,3,1,33.33
JNJ0556,0.5015428520577243,0.7277946678760137,4,1,25.0
TSB0437,0.49319189478930775,0.6130159738268444,3,1,33.33
LNS0989,0.4899752061568491,0.7000452776148591,5,1,20.0
JSH0330,0.4895375806996598,0.7058869330183029,4,2,50.0
MLM0950,0.4894782840110208,0.7847036849488389,3,1,33.33
OQH0183,0.48821323379480724,0.7033702303028686,5,1,20.0
SEJ0677,0.4780112741086422,0.684781826562102,9,3,33.33
ONW0083,0.47700304261618026,0.6306613144090327,4,1,25.0
AAS0442,0.4758102586806105,0.6592735759597801,3,1,33.33
KKC0683,0.4739859788835259,0.6938409809981491,8,3,37.5
CCC0393,0.46696657184282647,0.7321695206391994,7,3,42.86
RNL0695,0.46672015920226034,0.6602205236684514,9,3,33.33
MBW0809,0.4647263200677619,0.6545058091091381,9,5,55.56
WTR0563,0.4569282564046529,0.5630826066544884,9,2,22.22
GCL0016,0.45445818218705575,0.5383885847870086,7,2,28.57
SVL0803,0.452418656304886,0.6484043635352399,9,2,22.22
YEV0793,0.4491700282288511,0.6433692637864594,9,5,55.56
OKC0107,0.44660534839931354,0.6398777838300982,8,2,25.0
CCH0685,0.4439074174067455,0.7088742317760557,9,3,33.33
PNH0761,0.4394407332415031,0.7083837218092802,6,1,16.67
DAG0558,0.4342827122402203,0.6060957114054328,8,1,12.5
HSG0818,0.4311418927277443,0.6277621396240334,9,2,22.22
BSB0990,0.4273234210774312,0.7240622165981179,9,3,33.33
JKJ0698,0.4262374495328296,0.569919193036959,4,1,25.0
CAS0507,0.4235074911075502,0.5929643630855748,3,1,33.33
BJH0811,0.4220431951296216,0.572123240006271,9,3,33.33
LCC0819,0.42088524662069116,0.5348395487281349,8,2,25.0
RAS0432,0.419772140488244,0.5665975625822992,9,2,22.22
KMB0922,0.4163367459631088,0.6823305241328095,9,1,11.11
RAH0440,0.4147538461666137,0.5814567280982255,9,3,33.33
PKB0429,0.4137080805684256,0.6969489627470543,9,2,22.22
MKW0441,0.4128715004401215,0.4684367455928821,3,0,0.0
TSM0927,0.41058212148782797,0.5986557790632618,9,2,22.22
KPC0073,0.40853181026997365,0.6338738434093556,9,2,22.22
DVW0103,0.405587183047843,0.5478738806280793,9,2,22.22
BSA0431,0.4048564949311159,0.6891975964455201,9,3,33.33
DZC0228,0.4032467592790535,0.5791790244115715,9,2,22.22
SAC0687,0.4028420825867358,0.4525507910717452,9,0,0.0
EHR0096,0.4011006800081526,0.5876388693432795,9,1,11.11
SAA0999,0.39904441318260314,0.6775351831132427,9,3,33.33
EJW0884,0.39807043607061204,0.4395436889512375,3,0,0.0
PKB0281,0.39641194270705715,0.7832092494612808,8,1,12.5
HWM0342,0.3930421049651672,0.6614368651355222,5,1,20.0
MMG0943,0.39290665487378384,0.5244612091180519,9,2,22.22
AIS0405,0.39161979245505457,0.743871336734137,9,1,11.11
KCB0815,0.39048514003104606,0.5742672273497571,9,1,11.11
DVM0265,0.3900591770424205,0.4907821753735654,8,0,0.0
PAD0773,0.38904772581268304,0.5756522481928747,6,2,33.33
DBS0235,0.38676877004662846,0.6396702862374442,9,4,44.44
MJM0510,0.38073795081362066,0.46413003885185994,5,0,0.0
FIR0920,0.3795996770304804,0.5370158137967045,8,1,12.5
JFC0557,0.3769418061555941,0.6125527189311469,9,2,22.22
WTF0387,0.37648028477336515,0.6552539000891163,9,2,22.22
IKP0472,0.37625577189202036,0.521277127158752,3,1,33.33
IWM0816,0.3754887042399901,0.5902350233564526,8,2,25.0
ASL0378,0.3745915731081675,0.5077049789047525,9,1,11.11
FKB0163,0.3739549464512358,0.47017248426925967,8,0,0.0
OYM0026,0.37191199574946915,0.5847520317596452,9,2,22.22
YCE0983,0.3693363176573456,0.5107778603260195,8,1,12.5
DOL0332,0.36898954736030953,0.41861146644244274,3,0,0.0
NNS0059,0.3685875736378278,0.5549123111923882,9,1,11.11
EMW0772,0.3685568366574599,0.5392700314460769,6,1,16.67
CIM0926,0.36691831243495593,0.6390269469163998,9,1,11.11
PGO0433,0.3653643607713937,0.48891618044915774,9,0,0.0
HRW0550,0.3616304757777584,0.4572608802628636,9,0,0.0
CAH0936,0.3611943343066233,0.47356774939347934,8,0,0.0
AIP0394,0.3605215395628355,0.4563253406074756,8,0,0.0
ANP0555,0.3594886881703396,0.6193039504602617,9,2,22.22
BWH0813,0.35592672618119103,0.7293689383716514,9,2,22.22
RRA0938,0.3539064742677447,0.5839130300790906,9,1,11.11
BLB0114,0.35367855035750195,0.6529604824509118,9,1,11.11
RDM0150,0.3535366977047138,0.6436720014779018,9,2,22.22
JCR0921,0.35230753682645133,0.45424639257143573,7,0,0.0
CUD0795,0.3514312930511833,0.6004556174909107,8,1,12.5
RMW0542,0.3487753011030119,0.43202875605712726,9,0,0.0
GAF0570,0.34647076149466943,0.4634760891365646,9,0,0.0
ASG0692,0.34629784251661994,0.47835954275681936,9,0,0.0
ANT0430,0.34481929763396346,0.41303682344084924,9,0,0.0
MPT0376,0.34401630629623026,0.532544549704621,9,1,11.11
HIA0414,0.34341322822241666,0.5178530255252219,9,2,22.22
ACV0812,0.34205551731530753,0.6076438073033307,9,1,11.11
HCL0113,0.34126491387798175,0.5078694737662477,9,1,11.11
NCO0666,0.3388924733811561,0.7266572180836576,8,1,12.5
IYB0918,0.33780272156943386,0.40875193773581514,9,0,0.0
NKH0807,0.3376175251136142,0.41020303080418463,9,0,0.0
JKB0126,0.33686653558819746,0.6952279201305549,6,2,33.33
RHL0992,0.33566388991179497,0.5640440989101886,9,1,11.11
ESR0693,0.33487956922403506,0.5441455345161079,9,1,11.11
BQS0525,0.33401228847550885,0.6607290328559836,9,2,22.22
ELT0769,0.332640381853602,0.41565410974797556,4,0,0.0
CKD0680,0.33196230062538246,0.4873028080296448,9,0,0.0
ABN0239,0.33138345946105147,0.5681480720470775,9,2,22.22
SLP0762,0.3313553750878019,0.37753582299935673,5,0,0.0
CBG0398,0.33119735228963976,0.653133339121506,9,1,11.11
ALD0544,0.32976904729230905,0.5671959352813696,9,1,11.11
AKR0057,0.329330155814616,0.4428331891141515,9,0,0.0
ATF0274,0.3288554703132236,0.5488143481721681,8,1,12.5
KBL0260,0.3258951416277237,0.6328586426348296,9,1,11.11
KCO0122,0.3238064072877531,0.596861005219688,9,2,22.22
SSH0799,0.3213494701857603,0.4962038439442078,9,0,0.0
HBB0056,0.32064811647670133,0.4336697670947137,9,0,0.0
CEL0561,0.31245454206339074,0.45502479885314573,9,0,0.0
AOS0987,0.3103762656662741,0.45741869291391596,9,0,0.0
KBC0054,0.31035088101924163,0.34881701321516323,9,0,0.0
WAB0143,0.30626896652281393,0.5888074511986976,9,2,22.22
SMB0804,0.30406998217925585,0.4529564340275648,9,0,0.0
SDB0106,0.30231140216250973,0.4214952074291418,9,0,0.0
IEB0153,0.301403286675479,0.39228978575325857,8,0,0.0
EGD0409,0.30093855279114806,0.390107155799009,9,0,0.0
KVT0028,0.3009037864906301,0.44652420180819363,9,0,0.0
EPW0434,0.29866675821891236,0.46478862633904905,9,0,0.0
BCB0679,0.2974542216326439,0.6758553784186785,9,1,11.11
OCB0805,0.294249948225043,0.5624561341417585,9,1,11.11
CJM0521,0.29358412259777555,0.39761634487454756,8,0,0.0
BNG0237,0.29314138639281995,0.3469638851476852,11,0,0.0
AMH0794,0.2914631562974808,0.5079401420342794,9,1,11.11
MCF0327,0.2911818446837462,0.3529761535905407,16,0,0.0
ATP0662,0.2895715498303944,0.41930153516597335,14,0,0.0
FOB0756,0.28890763924386065,0.3881108597122912,6,0,0.0
IUY0279,0.28604553910188224,0.4545003414493226,9,0,0.0
RFP0380,0.28467536007983,0.3878803607715948,12,0,0.0
RJB0088,0.2846080978118238,0.3674401504044931,9,0,0.0
BTN0061,0.2845677794005968,0.5995567006827224,9,1,11.11
XBN0229,0.28262101485964075,0.33961224085598346,9,0,0.0
NKH0979,0.2822979109956,0.700474560071051,10,3,30.0
KBG0549,0.28144097623298825,0.3460290433650651,8,0,0.0
KQS0415,0.2805481366015972,0.3842051063833011,9,0,0.0
KAL0395,0.2804328232948631,0.33432645034273745,9,0,0.0
MHA0798,0.2803001150481752,0.4025576442661924,9,0,0.0
EIP0997,0.2802800099112629,0.4547577085191849,8,0,0.0
QJR0688,0.28001390011257726,0.658707511329623,10,2,20.0
SSJ0784,0.27929388821391093,0.5958994881613369,9,2,22.22
HAC0282,0.2777667659089369,0.45282159959633456,9,0,0.0
TSR0676,0.2769868270651707,0.32991763770074867,9,0,0.0
CNM0800,0.27395909086338815,0.3661400258740208,9,0,0.0
SSR0278,0.27200169836172033,0.3344435663953188,9,0,0.0
HRL0540,0.271963781311627,0.45035710036004095,9,0,0.0
TLK0993,0.27112961445546385,0.6678464180443859,8,1,12.5
ASB0796,0.26998786627522003,0.37413867245184107,9,0,0.0
AIH0675,0.26950980764860466,0.4111391609423075,9,0,0.0
NCK0421,0.2689061672055859,0.5327349216822079,9,1,11.11
LAF0991,0.2685721297584254,0.6235777593863581,9,1,11.11
MIL0255,0.2679026453911931,0.35517847620961485,9,0,0.0
MHH0180,0.26730376409702983,0.35250545031425096,6,0,0.0
JAV0361,0.26566471040943435,0.32816660223282584,11,0,0.0
MBG0438,0.2653853783335999,0.30981940772081407,9,0,0.0
LAP0338,0.2649827926601519,0.6323303342548668,9,1,11.11
BDI0533,0.26492059228973536,0.6466707608345907,9,2,22.22
CAB0388,0.2644870769663126,0.6650844286603322,9,1,11.11
WIF0691,0.26405243278619683,0.3720141448275661,9,0,0.0
NRD0548,0.26364729895285544,0.632912627259915,9,1,11.11
CFW0264,0.26120496538395116,0.38038200736299904,9,0,0.0
JNA0559,0.2591997976966781,0.5320131737847812,10,1,10.0
VCC0396,0.25917582893748414,0.6630091969817928,9,1,11.11
DPM0423,0.2570845573362851,0.5627161525199429,9,2,22.22
PID0426,0.25613356343228993,0.7048748531553405,9,2,22.22
SOG0411,0.25585722202719074,0.33786506735143723,9,0,0.0
HGG0240,0.25510387775465637,0.4599473732766038,10,0,0.0
ORM0669,0.2550488178546382,0.542986038137514,9,1,11.11
AKC0924,0.2545983800947238,0.40490791658367775,9,0,0.0
BBS0422,0.2542716383994914,0.5528601815802336,9,1,11.11
ASG0048,0.2538043618787564,0.36899691791144734,11,0,0.0
KAT0270,0.25143738616407657,0.6063748516527975,9,2,22.22
CJF0802,0.24939144403502406,0.35750716840132685,10,0,0.0
WLV0566,0.24856594002263474,0.2858443720991454,11,0,0.0
DOP0562,0.24840950974172435,0.3443741584125104,9,0,0.0
WDD0366,0.24822496546002296,0.369013123898869,10,0,0.0
AQD0820,0.2478027223642136,0.3592739400465842,9,0,0.0
ARA0252,0.24605946897416064,0.38304696398010707,9,0,0.0
EDA0684,0.24393653683525918,0.3355817124581442,9,0,0.0
SMY0792,0.2433001680206549,0.5646379237781683,9,1,11.11
CEJ0109,0.24081324991619452,0.5980408777327092,10,1,10.0
CRO0027,0.239803313597866,0.36238590294082035,9,0,0.0
BYP0070,0.23950251787863966,0.3791502000876519,13,0,0.0
CAM0681,0.23947730153759147,0.5675407894296918,9,1,11.11
BMG0917,0.23916457663073024,0.3145244447415776,9,0,0.0
ZMC0284,0.23853846877882523,0.2956447332645029,9,0,0.0
DBG0261,0.23737838288901417,0.33836189879922285,9,0,0.0
RRP0568,0.23565501148498905,0.34941088073802307,9,0,0.0
OLW0689,0.23455016994543387,0.30693272666288257,9,0,0.0
UCS0227,0.23439260448388252,0.3877448750991411,9,0,0.0
SBK0161,0.23340697302804392,0.3239654297480105,18,0,0.0
HAH0248,0.23334392186605374,0.33811216774997294,9,0,0.0
MLP0668,0.23332700825407635,0.27612125342660265,9,0,0.0
BER0314,0.23260049685486753,0.37829243043177097,10,0,0.0
SGS0268,0.22963409298219395,0.34163993873175164,9,0,0.0
MKL0941,0.22875692698189293,0.31919663909135776,10,0,0.0
KRM0541,0.22821706685254817,0.29362938182258413,9,0,0.0
MSH0040,0.22737461367888662,0.3656683873717316,14,0,0.0
TEB0251,0.22643069994804244,0.3269202369509135,9,0,0.0
BLS0678,0.22581173225154066,0.4649999740525551,10,0,0.0
ESH0283,0.2254026922101845,0.35760986594824296,9,0,0.0
JJH0613,0.22487144129616396,0.30761462648891025,16,0,0.0
ALH0402,0.22469134033968383,0.5238442741941669,10,1,10.0
NHE0919,0.22464569136441004,0.4962715261178805,9,0,0.0
BLL0929,0.22387485396621226,0.41461734333395134,9,0,0.0
JAM0382,0.2226059020458479,0.3427420221947905,9,0,0.0
OMS0101,0.2223937507320927,0.2853683386214046,10,0,0.0
MHG0244,0.22223695734277774,0.2972483337785554,10,0,0.0
HOB0994,0.2220092523681096,0.2720333877596088,9,0,0.0
JJB0127,0.22145301600104517,0.3506363598133993,9,0,0.0
SJC0333,0.22021623740272467,0.3505635342427727,6,0,0.0
KAC0124,0.21911694805139575,0.4774267297122485,9,0,0.0
CTA0020,0.21807776943056198,0.2991883778949593,11,0,0.0
CAA0612,0.21806669999815761,0.2693410995439417,15,0,0.0
DGF0443,0.21667291108549105,0.4417990761940198,9,0,0.0
JMC0925,0.21602984026285502,0.36381463007801673,10,0,0.0
JER0404,0.2148319070074785,0.3670922120216502,9,0,0.0
DBB0384,0.2146688947839412,0.3055903882170954,9,0,0.0
NCE0097,0.21439229949565908,0.3948931333925756,9,0,0.0
DPS0262,0.21432284342821994,0.2752199571872195,9,0,0.0
AJR0932,0.21372080252676248,0.2946996630668128,9,0,0.0
DAL0673,0.21318460004822007,0.6184765007600123,9,1,11.11
RGN0408,0.2126518900692195,0.5261898828263034,10,1,10.0
DAR0885,0.21263757301378708,0.32057569012950177,9,0,0.0
ALB0892,0.21259578259717035,0.2805404954044823,9,0,0.0
BMS0877,0.21247794292964448,0.2846668412040707,19,0,0.0
BKW0374,0.21115429317314122,0.4041799597232329,10,0,0.0
TJD0996,0.2101283742008159,0.41214449360199973,9,0,0.0
JJM0203,0.20962897669607153,0.24463656756087362,9,0,0.0
USH0199,0.20960034781712036,0.2661895562147526,10,0,0.0
CWB0065,0.2083767397567601,0.31279531073904765,9,0,0.0
AAF0791,0.20677084493476977,0.2688649497145189,9,0,0.0
ZJE0857,0.20396368542530458,0.31898401527737713,15,0,0.0
CRD0624,0.2035795423039466,0.2801247134589826,18,0,0.0
VSA0230,0.20273388499064607,0.29547325940447083,6,0,0.0
KJW0416,0.20088089336203413,0.2730505116517744,9,0,0.0
HCW0419,0.2007287441434579,0.5136975316354744,9,1,11.11
DIC0988,0.20072373078155514,0.3524913834139071,12,0,0.0
KJP0371,0.20017898634586107,0.23357329274655014,11,0,0.0
DMG0358,0.19945631292647234,0.3204659391736902,11,0,0.0
CKB0482,0.19730880121583746,0.3247973864525854,15,0,0.0
BIH0745,0.19651384316106127,0.4258864443883889,15,0,0.0
SAK0375,0.19564521268257462,0.3552397100650155,11,0,0.0
BRM0995,0.19505958274468752,0.5470328249753703,9,1,11.11
PEV0323,0.1946614677465716,0.3215298334322539,15,0,0.0
RHP0484,0.19386991834734435,0.3101700358865464,16,0,0.0
TMA0069,0.19341072916803556,0.23860173001392265,9,0,0.0
SMW0084,0.19251251036706712,0.28073565183135407,10,0,0.0
YDN0198,0.19158826357050202,0.23106087856901955,11,0,0.0
DJS0682,0.19006874467868842,0.28336734770682176,9,0,0.0
SRH0155,0.1897823406187073,0.25366480328589236,11,0,0.0
UJC0737,0.18793835648955937,0.29786123219344257,14,0,0.0
SSG0250,0.18645942301743212,0.2636512556675402,10,0,0.0
CKB0427,0.18616873092729422,0.28059078931480025,12,0,0.0
GAF0060,0.18612987660319336,0.27647406101647354,9,0,0.0
FLM0213,0.18551747826566503,0.22441293303972581,14,0,0.0
MIC0726,0.18498083127032758,0.3446181953154497,15,0,0.0
PES0085,0.18463019464039104,0.24768799745533662,11,0,0.0
TTD1000,0.1843494201085065,0.24821725631541425,15,0,0.0
RVC0232,0.18426228809468131,0.2501773211778906,10,0,0.0
WDO0870,0.18409175084701326,0.34653994211571415,10,0,0.0
DGN0480,0.18368509509120048,0.3253995497235018,16,0,0.0
QPM0727,0.18352186268750187,0.31799270832938703,15,0,0.0
KBS0874,0.18257467801604463,0.2988499786410085,17,0,0.0
ETR0428,0.18237924306269757,0.25721042913959413,9,0,0.0
AMM0014,0.182218578747817,0.22474259821343584,18,0,0.0
FBW0747,0.1815959417426553,0.4174687853497525,20,0,0.0
RGH0728,0.1815176643617854,0.3435776915907305,16,0,0.0
SPA0141,0.18120173417562124,0.252170300075977,11,0,0.0
TOR0193,0.18109937653392247,0.271841755188469,10,0,0.0
HKB0418,0.1799780265320933,0.22682598171169935,9,0,0.0
KAT0489,0.1794485817847006,0.2755699971913115,16,0,0.0
NSS0876,0.1787565763712625,0.22697417815377322,15,0,0.0
HAM0985,0.17813908444335283,0.2354134786055204,10,0,0.0
KDS0349,0.1776538564144768,0.30944323210558616,14,0,0.0
CJK0200,0.17728413533658205,0.2664678350676086,12,0,0.0
DLS0383,0.17597247442037292,0.23728345639046633,14,0,0.0
PGC0066,0.17580864647855754,0.24243504642315522,16,0,0.0
JCV0245,0.17568727386984465,0.23185406582316387,10,0,0.0
DLF0377,0.17520378323745334,0.3314036183634235,16,0,0.0
LCB0664,0.17484448841237205,0.22977354429147664,14,0,0.0
RCC0617,0.1747213551268004,0.23897082462716596,15,0,0.0
EBC0390,0.17443379851638585,0.39804464593450545,9,0,0.0
BEC0505,0.17424909923143067,0.23964582007137977,16,0,0.0
IDO0176,0.17354764509469858,0.2371918816267296,16,0,0.0
KTG0091,0.17324444552128093,0.2693427024690385,17,0,0.0
CNE0352,0.1731170419383053,0.2382420752341776,23,0,0.0
MPM0220,0.17306568799811356,0.312746736993794,13,0,0.0
RKF0164,0.17302259476759818,0.2564767601890553,9,0,0.0
TEM0977,0.17301625901219092,0.24706932892404818,11,0,0.0
HJB0742,0.17160194523418823,0.3374226730951927,15,0,0.0
KSP0357,0.17156872248979832,0.241944402169489,15,0,0.0
IBB0359,0.17137194447204898,0.23828816715026452,12,0,0.0
MYD0978,0.17134934989461406,0.28712322291749004,11,0,0.0
XHW0498,0.17064770360344222,0.213562639670997,16,0,0.0
GTD0219,0.17059242073234915,0.5496074269195451,10,1,10.0
MAS0025,0.17045639709620541,0.24847383744050108,14,0,0.0
HIW0536,0.17026615350794125,0.24691496588701045,11,0,0.0
JTM0223,0.1695293166127606,0.21117079775101227,11,0,0.0
DLH0029,0.16933350452509738,0.26366702229542327,10,0,0.0
NBC0412,0.16928172868527774,0.2556549764137867,10,0,0.0
AKW0167,0.16921372514416588,0.2427518871064988,11,0,0.0
SER0165,0.16910926341924493,0.27369047840078786,11,0,0.0
BIS0247,0.16897716869547083,0.21517035206192037,9,0,0.0
JAD0609,0.16760006299979852,0.23059911223043328,15,0,0.0
ENC0234,0.1668683033879857,0.2707415435325201,9,0,0.0
FSC0601,0.16621378694811953,0.22671890419588586,14,0,0.0
RJM0381,0.16581368574558064,0.2515014787793925,11,0,0.0
HDH0928,0.1654994363885823,0.19958908359628594,10,0,0.0
SDO0170,0.16507290583304565,0.24306639639767838,16,0,0.0
HGN0287,0.16481856312718762,0.24415299380513777,10,0,0.0
BTL0226,0.16440010826011142,0.22941161198448248,14,0,0.0
VMJ0147,0.16427853764754471,0.25078433729270744,15,0,0.0
HMM0108,0.16388239286040698,0.223490797900419,12,0,0.0
FUM0015,0.16367102672357348,0.2846252718671447,18,0,0.0
VCY0751,0.16360839769555213,0.2713475605252339,18,0,0.0
MAH0149,0.16352640755564327,0.21173827369638226,11,0,0.0
ADF0397,0.16301936377602363,0.24000585997760712,14,0,0.0
LCD0622,0.1623251708902536,0.22491038499869787,15,0,0.0
BSH0445,0.1617448186737642,0.2066423970419526,13,0,0.0
AMR0400,0.16115067755398968,0.20957650075703685,10,0,0.0
KKW0879,0.16095339104161274,0.24350477355164038,14,0,0.0
ABC0253,0.16087731359826707,0.27283036053910775,16,0,0.0
ECL0930,0.16062685138540694,0.2263276566385952,8,0,0.0
CJC0494,0.16062402263283468,0.2779494775102608,15,0,0.0
KRG0158,0.16050720972756308,0.2021217310919745,11,0,0.0
FHO0630,0.16012656366518546,0.20420032037982075,14,0,0.0
NKP0236,0.15991896792811003,0.28096634524354624,11,0,0.0
NGO0690,0.15972009492834635,0.23820247599449637,11,0,0.0
KRL0501,0.15943783782592275,0.24000122184144948,15,0,0.0
NDM0417,0.1593517896168958,0.33519795914141143,11,0,0.0
CSH0626,0.15932366114579707,0.23131521478678707,14,0,0.0
CCR0863,0.1586097875068158,0.2461325953115424,15,0,0.0
GJT0386,0.1579407266069096,0.2229596004905059,13,0,0.0
BBS0039,0.15773945712529888,0.24237556851681966,11,0,0.0
PRM0740,0.15753227029694603,0.22155271180930222,15,0,0.0
KPR0497,0.15683111829474042,0.22827569948843776,28,0,0.0
EIS0041,0.15608131932115138,0.22287625684998463,11,0,0.0
RAG0275,0.15592269332548683,0.27715730858393967,10,0,0.0
HLH0512,0.15588240814016857,0.2106949930884161,9,0,0.0
SOB0360,0.1554442846790365,0.23249256254943895,11,0,0.0
UFK0208,0.1553821126925299,0.24909439053052712,11,0,0.0
KJS0618,0.15530205261947533,0.2626798379907369,13,0,0.0
RUM0880,0.1536334201227866,0.2090647003884584,18,0,0.0
RBB0485,0.1535098002738542,0.2687313022370654,20,0,0.0
VIA0063,0.15302840959095615,0.264553129755805,15,0,0.0
HJS0072,0.15293266348890686,0.23848449959665344,14,0,0.0
SAP0867,0.15258778835207237,0.1989485180539338,15,0,0.0
CGA0629,0.1523977357437612,0.21903846858681036,15,0,0.0
HCM0267,0.1518617025763402,0.25385246329416555,17,0,0.0
ARL0034,0.15145340148662864,0.2884616458672312,17,0,0.0
JCW0858,0.15108941693909408,0.2762912027575317,15,0,0.0
MAH0864,0.15102102004326748,0.2361148753208513,19,0,0.0
KJA0152,0.15079359584691188,0.21278825196923137,11,0,0.0
ETR0177,0.1505612057397026,0.1862281265551974,12,0,0.0
LDB0090,0.15026244597002303,0.244067192398202,14,0,0.0
XAA0104,0.14986279211694992,0.19838604216161493,10,0,0.0
FSB0399,0.14947258137460828,0.19556054062084283,15,0,0.0
KWE0082,0.14910862745738027,0.20688817347386795,10,0,0.0
ADC0391,0.14883664331268098,0.24302857609303352,12,0,0.0
LFS0071,0.14880599675261102,0.18825086724885043,11,0,0.0
CCM0855,0.14868787786713628,0.22865756954148275,15,0,0.0
WKD0013,0.14685871901454578,0.225924891659976,18,0,0.0
LAM0911,0.14655368371571062,0.21298316559923297,15,0,0.0
GQP0743,0.14639372459621103,0.251857043884339,18,0,0.0
DRR0162,0.14622313446887725,0.21284381779232237,11,0,0.0
JXH0493,0.14601053551703996,0.22441331809964354,14,0,0.0
MVH0373,0.14597457829320287,0.21787204435731286,11,0,0.0
SJO0209,0.1458367878213911,0.22697067483963443,14,0,0.0
BMC0547,0.14575723957345912,0.27788548006662805,14,0,0.0
QNP0216,0.1453781994913929,0.19807623022900792,11,0,0.0
JOM0750,0.14475353067359542,0.2282095723861136,15,0,0.0
BXJ0010,0.14468600606397777,0.257299253997658,18,0,0.0
BTR0403,0.1442013977996026,0.21969899463561732,11,0,0.0
TQS0212,0.14369589644429906,0.24707495025845813,18,0,0.0
NCH0179,0.14352152475675678,0.17172987237889004,11,0,0.0
VSS0154,0.14338636840447483,0.28557047641305455,11,0,0.0
AJD0074,0.1432966176852743,0.6026246340050916,10,1,10.0
SDF0017,0.14235843436369688,0.19232846595975553,11,0,0.0
GMF0738,0.142199443473382,0.18760166731452949,11,0,0.0
AMR0318,0.14212298991429778,0.23392185597382031,17,0,0.0
CMM0487,0.14211953243036332,0.19677960044192294,16,0,0.0
JBM0350,0.14204048255256327,0.23507404527314926,17,0,0.0
SBN0495,0.1413366137738971,0.21869458028727148,28,0,0.0
LPC0492,0.14076058231034663,0.2047032061832734,15,0,0.0
TLM0797,0.1407565389257757,0.2166224264216538,15,0,0.0
DGM0754,0.14031324692163552,0.2562019907669561,25,0,0.0
TRK0914,0.14023399286520993,0.22435875907581296,10,0,0.0
KRV0372,0.13987262090874783,0.19433960451142493,15,0,0.0
MDM0976,0.13954811097051426,0.18752815833268666,11,0,0.0
AJN0607,0.13852078072975876,0.2031962051716445,15,0,0.0
ENL0100,0.13799046186063102,0.1953280460342666,13,0,0.0
FAW0032,0.1378666691132794,0.2237432372270371,14,0,0.0
JIG0128,0.13778027886063654,0.18788476501711598,9,0,0.0
CCA0046,0.13731006701601567,0.24842267482118352,11,0,0.0
WSR0241,0.13663613080046266,0.202408976834886,10,0,0.0
ZSK0258,0.13661557719372763,0.22746960260020946,12,0,0.0
FQA0854,0.13628589635401847,0.21353742304014453,14,0,0.0
GZC0735,0.1361502860806232,0.2777838739991428,15,0,0.0
MKS0204,0.13600331888047168,0.23820977250662906,13,0,0.0
LBC0356,0.13497492168602676,0.2092735362592342,11,0,0.0
SOF0808,0.13433530762425025,0.18866807448235612,10,0,0.0
MGS0974,0.13298496880202293,0.22734767093033412,11,0,0.0
QRM0739,0.1329285590075111,0.3998058258624516,15,0,0.0
EMW0105,0.13259716623139411,0.1913933548908288,10,0,0.0
LJT0817,0.13251450458968148,0.18243712067976844,12,0,0.0
SNS0129,0.13236284788508804,0.17263633718989713,11,0,0.0
EWH0191,0.13233210108741617,0.17457635616414258,14,0,0.0
BHC0665,0.13223038037113996,0.1931509579161038,11,0,0.0
KBB0189,0.13216607698478647,0.16504395864821408,11,0,0.0
CAM0102,0.13204205841366243,0.22213526727675093,12,0,0.0
HCV0478,0.13196668235850365,0.20853499058370303,15,0,0.0
VTT0385,0.1314428474743504,0.2604210692390885,11,0,0.0
OKB0439,0.1312896757503605,0.24970678373386965,13,0,0.0
TDJ0998,0.131230457280208,0.20426734092936644,9,0,0.0
MHG0733,0.13122431718402294,0.23172180468220838,15,0,0.0
JTS0389,0.13111755826776478,0.2335258546590712,13,0,0.0
JOL0024,0.1310940853650626,0.22537549696178436,13,0,0.0
SBN0866,0.13096281865265075,0.22309723601118173,17,0,0.0
KNG0672,0.13093156674172604,0.21540398371350006,11,0,0.0
OCS0865,0.13065848394713575,0.19078118440205974,15,0,0.0
MNS0224,0.13060621862849964,0.23411342885372904,17,0,0.0
DDA0476,0.13055578219785896,0.18280796323000842,14,0,0.0
FRB0023,0.13018185678143843,0.22778786814917956,11,0,0.0
CSC0217,0.12949348666033433,0.17310058152949712,13,0,0.0
ROB0272,0.1294299716710789,0.22448775001642388,17,0,0.0
CQH0730,0.12936049992744997,0.2692389389208869,18,0,0.0
CIG0052,0.1288592234072942,0.17093122739060643,16,0,0.0
RVF0201,0.12883451158352494,0.19690669546346032,12,0,0.0
BJH0354,0.1285572470125888,0.18513057227267932,14,0,0.0
KSH0569,0.12786657242845514,0.22709922265880408,16,0,0.0
HRB0351,0.1278579617318339,0.20382566261552032,20,0,0.0
JPW0741,0.12751674053572343,0.23652109377791683,21,0,0.0
CWR0502,0.12747750160839394,0.1671618566367765,15,0,0.0
VFM0814,0.12744044499657628,0.19888677463214482,11,0,0.0
LEM0605,0.12728396702548042,0.22087249116442847,16,0,0.0
IKR0401,0.12670765763823552,0.22509092083084054,13,0,0.0
SGG0787,0.12661682950847153,0.2571918112496586,23,0,0.0
CBB0365,0.12649363814769807,0.18653456001371943,11,0,0.0
AHM0410,0.12647931903573512,0.2179975990426337,10,0,0.0
HJA0018,0.12529728123171144,0.17424148126855804,11,0,0.0
HWY0038,0.12527631491507496,0.20205276955497953,11,0,0.0
LIM0674,0.1251381184762723,0.18633358044444315,11,0,0.0
RMS0266,0.12386941979594697,0.16876559397091295,10,0,0.0
JGT0221,0.12378657989149987,0.163537389884919,11,0,0.0
ZJS0269,0.12363209600705562,0.1811041504459439,14,0,0.0
JPA0667,0.12331930830526891,0.18084611648984386,11,0,0.0
AIP0982,0.12295235740179535,0.23134314577369963,14,0,0.0
QNF0205,0.12237951723241561,0.18999377581502797,10,0,0.0
MSO0222,0.12220212267731992,0.15257347846491032,11,0,0.0
BAL0044,0.12179178079133451,0.17765507125184868,11,0,0.0
NMC0486,0.12157104590270348,0.17352767294070745,15,0,0.0
GLR0975,0.12087919209320318,0.15943569156035123,11,0,0.0
KVS0425,0.120172650881626,0.19004189288626316,18,0,0.0
MMB0488,0.11892673235022343,0.20592636165392555,16,0,0.0
AIM0627,0.11867350076134343,0.15746975618395515,15,0,0.0
NBH0256,0.11859300923675449,0.23906648168353659,14,0,0.0
EIM0156,0.11856710297071035,0.19156262845514407,11,0,0.0
ACC0042,0.11804602133485301,0.22370343765355868,11,0,0.0
XWD0923,0.11791630104633925,0.16341785677109896,10,0,0.0
IMG0320,0.11790060901544444,0.16608029044843808,18,0,0.0
JLM0364,0.11776909189530792,0.1422843072058368,13,0,0.0
COF0120,0.11730110301538539,0.22735843616504336,10,0,0.0
FGW0853,0.11725461079777251,0.1912712198975845,14,0,0.0
CSP0197,0.11691307455499943,0.18602964439848182,12,0,0.0
BJW0619,0.11669667131271459,0.19274097596137146,28,0,0.0
HWW0436,0.1163604337105834,0.15704308536874284,14,0,0.0
RDT0424,0.11591297818601685,0.1577802917642634,13,0,0.0
MAD0496,0.11577199000014006,0.19081355535537362,30,0,0.0
BWP0202,0.1157016199205625,0.15602791952717218,11,0,0.0
VMJ0546,0.11567761855217998,0.22783438623044855,14,0,0.0
CTR0341,0.11496756147588681,0.20859171827523681,9,0,0.0
WKF0012,0.11492371335056056,0.28409929389821525,25,0,0.0
JMK0099,0.11461730302632696,0.17252082286574436,9,0,0.0
GCR0554,0.11445423374034795,0.14642972866458323,10,0,0.0
LHL0309,0.11440500515472375,0.16445040591377638,15,0,0.0
BAM0611,0.11288189966406881,0.19624077364935155,19,0,0.0
DHM0937,0.11244091280642207,0.16891821063863405,15,0,0.0
NAF0033,0.11214561211557263,0.16588774037153617,14,0,0.0
CBG0490,0.11202541395217601,0.1731673955419998,14,0,0.0
CCW0031,0.1113763166255264,0.1810009686039119,22,0,0.0
DGW0752,0.11134170062548569,0.14619430824607774,15,0,0.0
LQC0479,0.1108891080573036,0.14051244632757637,15,0,0.0
DSB0731,0.11087314597837525,0.2429713574056655,15,0,0.0
HLM0933,0.1107461669427188,0.19889249199525375,14,0,0.0
GRM0868,0.11056107538668636,0.17491515423401277,15,0,0.0
HDL0748,0.1102669802729598,0.16134519932703179,15,0,0.0
TEM0093,0.10965033936609,0.13434343633657772,10,0,0.0
MBJ0312,0.1086509272923379,0.22176626206616898,19,0,0.0
SJF0094,0.10856658222034084,0.2143493991450943,20,0,0.0
WVB0539,0.10832165830499002,0.15688616718974024,19,0,0.0
IIA0092,0.1080312525799108,0.1660068840801167,12,0,0.0
NWT0098,0.10791190965033813,0.14981921458071143,14,0,0.0
TSM0363,0.10755390489871035,0.26179072906639683,17,0,0.0
MAD0753,0.10743208151497731,0.27323116818793697,15,0,0.0
MSZ0310,0.10687070398723136,0.14896774726003698,18,0,0.0
DTT0076,0.10686528515609693,0.19688555660235862,18,0,0.0
BBH0810,0.10675697383647674,0.16720523329975695,12,0,0.0
RKD0604,0.10642196718920884,0.1695858154503946,15,0,0.0
MKP0861,0.1058868276304016,0.16168797109213856,15,0,0.0
CPG0322,0.10583791743262166,0.2185593930195414,18,0,0.0
OJK0233,0.10582225063714651,0.15712071094660862,16,0,0.0
SVL0940,0.10576147819419932,0.15936625206478877,10,0,0.0
SAT0194,0.10536123356474515,0.12965986033276627,14,0,0.0
IMB0481,0.10496518029247683,0.17893402061203212,19,0,0.0
JLW0053,0.10474563560389358,0.17638564426531805,17,0,0.0
AJF0370,0.1043694727561094,0.1995103188373773,21,0,0.0
GRC0145,0.1040637097363295,0.1287361171025761,15,0,0.0
AMV0036,0.10394802925351611,0.19957921976395152,14,0,0.0
CHG0146,0.10393093451827563,0.1705783425693317,13,0,0.0
CRK0916,0.10360083594459098,0.18351560013537127,10,0,0.0
JIM0095,0.10358063624830861,0.14436239766240455,12,0,0.0
JRG0207,0.1032248500172892,0.21054137174204324,14,0,0.0
TVS0006,0.10319416838123345,0.19806733862430562,27,0,0.0
DBW0483,0.10272251091750546,0.16133168077346421,14,0,0.0
HKR0628,0.10247039948174883,0.27475688628167233,28,0,0.0
LOM0086,0.1020379586688868,0.16007895159965094,12,0,0.0
LHB0606,0.10187834660935097,0.1642833565969322,19,0,0.0
JRS0362,0.10174371357557947,0.15802815109863907,16,0,0.0
GNS0178,0.10154738291517848,0.17518395046655905,10,0,0.0
ASS0206,0.10083504981903824,0.19521692347408048,14,0,0.0
AAE0190,0.10035001386277473,0.2161140504071616,16,0,0.0
NJB0243,0.1003313487102357,0.19768519464736972,16,0,0.0
KMW0545,0.1000530075795569,0.18331062888831554,17,0,0.0
CTW0500,0.09995008693434491,0.148017256757364,16,0,0.0
TET0621,0.09994700444516039,0.1941705970322648,15,0,0.0
CKH0144,0.099897618549436,0.1622622541476044,18,0,0.0
MCJ0324,0.09944929430226672,0.16291013374994956,15,0,0.0
IJW0851,0.09931354772854274,0.14421597049386642,10,0,0.0
DTP0379,0.09923822609691776,0.20108804481510148,19,0,0.0
CSB0080,0.09857015516309414,0.13804137632370897,12,0,0.0
PBP0002,0.09802343618229692,0.1874502141266376,20,0,0.0
CCL0068,0.0978427060374226,0.1638794785933894,15,0,0.0
SBH0537,0.0976758113749862,0.13105757966740678,16,0,0.0
EMS0317,0.09707393564381224,0.14761550668600912,15,0,0.0
KCS0173,0.09697251223047133,0.18579271124946356,13,0,0.0
RHY0079,0.09633007675723299,0.1722677217085942,18,0,0.0
RAW0915,0.0959968657142688,0.17926509588495712,16,0,0.0
HPM0986,0.09591125781979819,0.11721770336768687,14,0,0.0
RDM0115,0.09573858864555933,0.1936745953849645,12,0,0.0
SVS0871,0.09559194165390908,0.18280272506473522,16,0,0.0
RGG0064,0.09504573410008531,0.1469044632039116,15,0,0.0
SIJ0661,0.09491807012068135,0.1413596011789778,14,0,0.0
LOF0311,0.09475713132621827,0.15539884854922958,15,0,0.0
GBM0603,0.09404707827142074,0.1401435502900049,15,0,0.0
DCC0160,0.09367141419345609,0.12962025949494357,18,0,0.0
RLG0856,0.09338240435797865,0.14766317565884918,15,0,0.0
JDB0169,0.09326042088020046,0.1614288273419488,21,0,0.0
HDS0367,0.09297174620473644,0.13350506631203754,11,0,0.0
VAA0087,0.0929427188958849,0.16598497657450484,15,0,0.0
TCD0009,0.09248521818636675,0.12019440828260608,15,0,0.0
HCS0003,0.09216118340880788,0.13053248068621226,27,0,0.0
DIW0118,0.09180197095903754,0.15709177320486709,28,0,0.0
IAR0694,0.0916644109633411,0.18912612938050782,18,0,0.0
KWC0004,0.09150948497731609,0.12851155226354904,26,0,0.0
CLF0852,0.09144996109813416,0.17038900942470955,25,0,0.0
KCF0045,0.09134353458770175,0.13667059104795165,15,0,0.0
SLB0049,0.09070875454522213,0.14797711884162798,17,0,0.0
MAW0166,0.09056122166788987,0.13729260503585053,16,0,0.0
MDH0686,0.08955585843917492,0.1541569778846125,18,0,0.0
MES0407,0.08881626577100239,0.11488301111335489,11,0,0.0
MOS0047,0.0886355393026875,0.134843807269253,15,0,0.0
OLF0504,0.08857659811350006,0.15638106043394276,15,0,0.0
SES0477,0.08851946337558234,0.12184651782305667,18,0,0.0
TDS0984,0.08833928731665375,0.17648189859692448,26,0,0.0
EZH0736,0.08831250304101826,0.14146652958115727,15,0,0.0
JCC0225,0.0882448691196926,0.14515029068822838,19,0,0.0
BBG0325,0.08801644967562063,0.1501159526716293,15,0,0.0
KKS0119,0.08763964203048251,0.2142087939525548,17,0,0.0
IBM0671,0.08758361533484603,0.14416149584400378,12,0,0.0
MSD0939,0.08749650036895192,0.13567736693908125,17,0,0.0
WAS0254,0.08744579754333759,0.11192663993815864,18,0,0.0
BDV0168,0.08735241294820181,0.15670371433905828,26,0,0.0
BAH0875,0.08727964091096395,0.16912294451687324,19,0,0.0
EHB0420,0.08726416667811374,0.15021532055276215,14,0,0.0
RSC0089,0.08613172314145763,0.13276987108367425,17,0,0.0
ZDW0859,0.08586074259652757,0.12587878121100998,16,0,0.0
DJB0159,0.08528741829643531,0.14223970092729923,34,0,0.0
OLB0749,0.0852693674100536,0.16908358387963335,15,0,0.0
MSS0001,0.0848881337164548,0.11983043857473608,36,0,0.0
DMM0623,0.08410529442227384,0.13614584128414567,17,0,0.0
LMF0980,0.08409037908985076,0.16518114615722634,14,0,0.0
IRT0491,0.08345613685448473,0.11416071624247952,15,0,0.0
AOB0019,0.08262525553947667,0.1489154648668401,21,0,0.0
SGM0021,0.08255519595307613,0.12621783970331582,11,0,0.0
JMH0543,0.08239869569337942,0.11508211226287239,11,0,0.0
PTH0552,0.08152746217991706,0.11033116277584144,12,0,0.0
KNB0022,0.08144401243336438,0.14706570612670913,20,0,0.0
AJH0175,0.08129948295522035,0.11575035805630499,15,0,0.0
LTS0860,0.08117267868442843,0.10884220507427039,15,0,0.0
GCC0744,0.07977244518478302,0.11181401074443975,14,0,0.0
SRS0231,0.07939326218459938,0.11753692263080082,18,0,0.0
KES0729,0.0792597392660038,0.1452920855901454,20,0,0.0
BRS0734,0.07916439027698303,0.17091416990837677,24,0,0.0
FBA0348,0.07887787623320006,0.13957446099156287,20,0,0.0
WBC0192,0.0786886011854535,0.1561550977417148,22,0,0.0
HAD0246,0.07854145087704377,0.14837650835727162,30,0,0.0
CEB0210,0.07815123167470019,0.13446614025236825,27,0,0.0
COM0321,0.07801643204163247,0.12471936536699221,15,0,0.0
MLD0755,0.0774335705509639,0.10860583217215959,15,0,0.0
PDW0259,0.07717466556287701,0.09977841435922881,14,0,0.0
NNA0610,0.07713882914262056,0.09783278849784567,28,0,0.0
BEH0615,0.07711112534590568,0.15140923489356042,30,0,0.0
LDD0560,0.07660223604645774,0.10608924188732498,20,0,0.0
FTM0406,0.07629487696312598,0.10559319228763268,11,0,0.0
HDD0789,0.07586453162661662,0.1454405214485694,14,0,0.0
ANM0123,0.07454571062670597,0.13070092487720694,17,0,0.0
MTB0620,0.07318117534370669,0.14056718348366837,29,0,0.0
NAR0981,0.07288123936970776,0.12473884199470722,16,0,0.0
UIR0043,0.07270466777389108,0.10997527462967556,15,0,0.0
GTD0116,0.07250491382273236,0.1333498099694778,14,0,0.0
NGC0058,0.07168072436391831,0.13846965332893035,18,0,0.0
GOK0238,0.07110122771166548,0.12580086952346467,12,0,0.0
KRL0062,0.0703292727024961,0.11134005629416455,19,0,0.0
RHO0732,0.07011484931367357,0.18579054324991112,20,0,0.0
WXH0872,0.06972033419740667,0.08798748922355346,18,0,0.0
RSM0277,0.06944084033681674,0.12875580160300962,11,0,0.0
HBO0413,0.06882619685149961,0.12050404005199158,11,0,0.0
RNP0211,0.06767141583148494,0.13293185072843372,18,0,0.0
ONL0276,0.0651039676500996,0.09744459315608157,16,0,0.0
FDE0117,0.06486252840661418,0.09215497302127201,18,0,0.0
MOH0273,0.06472667697483162,0.09115178023035385,14,0,0.0
WIQ0567,0.06426903057234981,0.12795198614983372,18,0,0.0
JMB0308,0.06379800838491698,0.10074189155870014,17,0,0.0
AMD0077,0.06290163253435348,0.12814036483854274,29,0,0.0
LLV0602,0.06281111685986265,0.08765388246640034,20,0,0.0
WBC0315,0.0621351978391305,0.14929139237744757,26,0,0.0
AHC0142,0.06179827718947875,0.11601626433999834,18,0,0.0
PPF0435,0.06174146069699343,0.09096892215199727,12,0,0.0
GKO0078,0.06149237478670259,0.1374166583126963,17,0,0.0
HTH0007,0.06102302899296595,0.12368541807862825,47,0,0.0
JCG0316,0.06099290278303273,0.10419098823481812,20,0,0.0
JGM0934,0.060089550809957495,0.09002739269550836,17,0,0.0
BTW0005,0.060061352256498224,0.12260389367862194,43,0,0.0
MCS0035,0.05974294150281335,0.13378508476451978,26,0,0.0
DFR0218,0.059418179178482196,0.08751449572216254,18,0,0.0
WPR0368,0.059102179766691194,0.15241261254224509,33,0,0.0
THR0873,0.059047121603660685,0.09329580328479121,19,0,0.0
NOB0181,0.05844630474397331,0.09168453853679552,12,0,0.0
KBP0008,0.0584460208201451,0.12287606581810794,52,0,0.0
BTS0011,0.05815494566369734,0.09950849169928938,28,0,0.0
JBD0616,0.05806428148536917,0.10681157356638993,20,0,0.0
CIM0271,0.057851451365167436,0.09459872881410326,18,0,0.0
PLH0862,0.057151918536420133,0.08185659879984421,21,0,0.0
TVS0050,0.057071452809296194,0.13091888376455876,26,0,0.0
SCF0608,0.05620395698960926,0.0742481568057247,16,0,0.0
ABC0174,0.05565616782959285,0.12074070403216128,41,0,0.0
DRR0242,0.05553394576623206,0.09583325361843474,18,0,0.0
BVC0790,0.053822226384359434,0.09283211653793433,18,0,0.0
HDD0806,0.053237234768720505,0.09798636451233661,35,0,0.0
NGF0157,0.053127201077564405,0.09755887447172296,22,0,0.0
DMK0257,0.05264597983322273,0.11573204576703361,18,0,0.0
RTO0313,0.052383792376947375,0.10753509769100794,26,0,0.0
RRC0553,0.05223590209868381,0.09333473235892852,18,0,0.0
NAH0503,0.05220952970845707,0.09515300507723312,30,0,0.0
LBH0942,0.05117859289310147,0.0882000151940459,19,0,0.0
NWK0215,0.050880954799675866,0.09766061721566449,29,0,0.0
LRR0148,0.049886797041691334,0.0902805568399054,29,0,0.0
IIW0249,0.04557023456094219,0.07888275814141898,19,0,0.0
JDC0030,0.04518869804997343,0.10155961575970229,32,0,0.0
OBH0499,0.04477303460459168,0.07448052482155776,30,0,0.0
CAB0614,0.04456924535078263,0.09872475760619345,32,0,0.0
NAF0326,0.04425415837174676,0.08480277718152868,32,0,0.0
ESJ0670,0.043049548623457105,0.08988018265598524,30,0,0.0
BSS0369,0.04302515764309174,0.08315949369184522,20,0,0.0
HSB0196,0.042153922809287474,0.08769097878753422,29,0,0.0
AMW0392,0.04075131453763304,0.07743372683505247,26,0,0.0
MCD0125,0.04046207238787353,0.06670751903889488,20,0,0.0
FKK0055,0.03980795078298152,0.10403276814789347,25,0,0.0
JCR0172,0.03969145042274554,0.07312455372879813,24,0,0.0
BRB0355,0.03829195909608714,0.09440614691912164,29,0,0.0
HVB0037,0.03820862187180749,0.08442640641360695,28,0,0.0
RZC0746,0.037784792555385124,0.09222952412953239,30,0,0.0
LBF0214,0.037385877026880086,0.1093579681331935,39,0,0.0
ATE0869,0.03642618406085036,0.08105772589570526,46,0,0.0
HPH0075,0.031567362252972436,0.052438781365245685,39,0,0.0
QOS0878,0.030671628304847754,0.07284107092511943,29,0,0.0
IRM0931,0.030480980396084895,0.06459612983288215,34,0,0.0
DLM0051,0.029227052334705485,0.06672274016521414,36,0,0.0
CMB0912,0.028485893356618157,0.06107591565747592,31,0,0.0
AJR0319,0.028193901844990446,0.06433643627810857,45,0,0.0
YIC0195,0.026887760934711017,0.048533191774857085,37,0,0.0
